{
  "timestamp": "2025-10-19T01:50:56.662276",
  "data_samples": 43201,
  "features": [
    "crypto_last_price",
    "job:crypto_last_price:deriv5m",
    "job:crypto_last_price:deriv10m",
    "job:crypto_last_price:deriv15m",
    "job:crypto_last_price:deriv30m",
    "job:crypto_last_price:avg5m",
    "job:crypto_last_price:avg10m",
    "job:crypto_last_price:avg15m",
    "crypto_volume",
    "job:crypto_volume:deriv5m",
    "job:crypto_volume:avg5m"
  ],
  "best_config": {
    "name": "30min_\u00b10.25%",
    "horizon": "30min",
    "threshold": 0.25,
    "samples": 43171,
    "overall_accuracy": 0.6155663655316191,
    "directional_accuracy": 0.22673785138374372,
    "directional_signals_pct": 0.2551216122307158,
    "high_conf_accuracy": 0.7051295896328293,
    "high_conf_pct": 0.5148019457956915,
    "balanced_score": 0.4390647532779235,
    "down_acc": 0.026074259491030455,
    "sideways_acc": 0.7774282790768181,
    "up_acc": 0.3141426783479349
  },
  "all_results": [
    {
      "name": "30min_\u00b10.25%",
      "horizon": "30min",
      "threshold": 0.25,
      "samples": 43171,
      "overall_accuracy": 0.6155663655316191,
      "directional_accuracy": 0.22673785138374372,
      "directional_signals_pct": 0.2551216122307158,
      "high_conf_accuracy": 0.7051295896328293,
      "high_conf_pct": 0.5148019457956915,
      "balanced_score": 0.4390647532779235,
      "down_acc": 0.026074259491030455,
      "sideways_acc": 0.7774282790768181,
      "up_acc": 0.3141426783479349
    },
    {
      "name": "1h_\u00b10.30%",
      "horizon": "1h",
      "threshold": 0.3,
      "samples": 43141,
      "overall_accuracy": 0.5316550764951321,
      "directional_accuracy": 0.30135145815221687,
      "directional_signals_pct": 0.35196105702364394,
      "high_conf_accuracy": 0.6306277126384661,
      "high_conf_pct": 0.4294019471488178,
      "balanced_score": 0.4362977945523413,
      "down_acc": 0.06424388563554943,
      "sideways_acc": 0.6860274197520729,
      "up_acc": 0.35057073676928396
    },
    {
      "name": "1h_\u00b10.20%",
      "horizon": "1h",
      "threshold": 0.2,
      "samples": 43141,
      "overall_accuracy": 0.4192489568845619,
      "directional_accuracy": 0.4561690727786873,
      "directional_signals_pct": 0.5606954102920724,
      "high_conf_accuracy": 0.3888637903772306,
      "high_conf_pct": 0.2462865090403338,
      "balanced_score": 0.43163198153015836,
      "down_acc": 0.21843853820598005,
      "sideways_acc": 0.512239154675304,
      "up_acc": 0.4124755437910001
    },
    {
      "name": "30min_\u00b10.20%",
      "horizon": "30min",
      "threshold": 0.2,
      "samples": 43171,
      "overall_accuracy": 0.5044336344683809,
      "directional_accuracy": 0.31081394450027056,
      "directional_signals_pct": 0.3596108408617095,
      "high_conf_accuracy": 0.5753648146469682,
      "high_conf_pct": 0.3066851980542043,
      "balanced_score": 0.4218100255200432,
      "down_acc": 0.06482670089858793,
      "sideways_acc": 0.662929013003624,
      "up_acc": 0.34891857506361323
    },
    {
      "name": "15min_\u00b10.20%",
      "horizon": "15min",
      "threshold": 0.2,
      "samples": 43186,
      "overall_accuracy": 0.635931638182576,
      "directional_accuracy": 0.14369173399627097,
      "directional_signals_pct": 0.2235653744615812,
      "high_conf_accuracy": 0.7187298611517956,
      "high_conf_pct": 0.47433652910935115,
      "balanced_score": 0.4063713306832674,
      "down_acc": 0.014659937515020427,
      "sideways_acc": 0.7874788737459096,
      "up_acc": 0.23013698630136986
    },
    {
      "name": "15min_\u00b10.05%",
      "horizon": "15min",
      "threshold": 0.05,
      "samples": 43186,
      "overall_accuracy": 0.3471446436015006,
      "directional_accuracy": 0.43587650065015576,
      "directional_signals_pct": 0.9189662359316382,
      "high_conf_accuracy": 0.32592137592137593,
      "high_conf_pct": 0.22620536334583854,
      "balanced_score": 0.3872659185898032,
      "down_acc": 0.2552144363721584,
      "sideways_acc": 0.09310969217573621,
      "up_acc": 0.6499093846032622
    },
    {
      "name": "30min_\u00b10.10%",
      "horizon": "30min",
      "threshold": 0.1,
      "samples": 43171,
      "overall_accuracy": 0.3400972897845726,
      "directional_accuracy": 0.4199572067691111,
      "directional_signals_pct": 0.7145239749826269,
      "high_conf_accuracy": 0.3539132013800617,
      "high_conf_pct": 0.15307852675469075,
      "balanced_score": 0.38279043059593965,
      "down_acc": 0.19234283625730994,
      "sideways_acc": 0.30991911451681564,
      "up_acc": 0.5268355124805706
    },
    {
      "name": "30min_\u00b10.15%",
      "horizon": "30min",
      "threshold": 0.15,
      "samples": 43171,
      "overall_accuracy": 0.4118971507991661,
      "directional_accuracy": 0.3407402934605398,
      "directional_signals_pct": 0.46034746351633077,
      "high_conf_accuracy": 0.4207826469295031,
      "high_conf_pct": 0.18965948575399583,
      "balanced_score": 0.37809582135592035,
      "down_acc": 0.08997831847747531,
      "sideways_acc": 0.5597999793793175,
      "up_acc": 0.3881570996978852
    },
    {
      "name": "15min_\u00b10.15%",
      "horizon": "15min",
      "threshold": 0.15,
      "samples": 43186,
      "overall_accuracy": 0.4997360011115743,
      "directional_accuracy": 0.21222036219753462,
      "directional_signals_pct": 0.36520772544115604,
      "high_conf_accuracy": 0.4681664205680535,
      "high_conf_pct": 0.3199388634153119,
      "balanced_score": 0.3496642655458503,
      "down_acc": 0.04412989175686927,
      "sideways_acc": 0.6521649143140988,
      "up_acc": 0.3371693576090691
    },
    {
      "name": "15min_\u00b10.10%",
      "horizon": "15min",
      "threshold": 0.1,
      "samples": 43186,
      "overall_accuracy": 0.38168681395025705,
      "directional_accuracy": 0.3304681504221028,
      "directional_signals_pct": 0.5431429762401,
      "high_conf_accuracy": 0.23091276628829108,
      "high_conf_pct": 0.17871335278588302,
      "balanced_score": 0.3259226726537867,
      "down_acc": 0.10576155162578436,
      "sideways_acc": 0.4776723115090066,
      "up_acc": 0.4552892371514174
    }
  ]
}