{
  "timestamp": "2025-10-19T00:21:12.367683",
  "best_config": {
    "config_idx": 8,
    "name": "8h_\u00b11.5%",
    "horizon": "8h",
    "up_threshold": 1.5,
    "down_threshold": 1.5,
    "samples": 48118,
    "samples_pct": 0.9980916822236051,
    "up_pct": 0.10574005569641298,
    "sideways_pct": 0.8035870152541669,
    "down_pct": 0.09067292904942018,
    "overall_accuracy": 0.7591969073450555,
    "down_accuracy": 0.02457921453379642,
    "sideways_accuracy": 0.9442343159013472,
    "up_accuracy": 0.03233203393717037,
    "directional_accuracy": 0.5104620749782041,
    "directional_signals_pct": 0.05721411647337573,
    "balanced_score": 0.6099560079249446
  },
  "all_results": [
    {
      "config_idx": 8,
      "name": "8h_\u00b11.5%",
      "horizon": "8h",
      "up_threshold": 1.5,
      "down_threshold": 1.5,
      "samples": 48118,
      "samples_pct": 0.9980916822236051,
      "up_pct": 0.10574005569641298,
      "sideways_pct": 0.8035870152541669,
      "down_pct": 0.09067292904942018,
      "overall_accuracy": 0.7591969073450555,
      "down_accuracy": 0.02457921453379642,
      "sideways_accuracy": 0.9442343159013472,
      "up_accuracy": 0.03233203393717037,
      "directional_accuracy": 0.5104620749782041,
      "directional_signals_pct": 0.05721411647337573,
      "balanced_score": 0.6099560079249446
    },
    {
      "config_idx": 7,
      "name": "8h_\u00b11.0%",
      "horizon": "8h",
      "up_threshold": 1.0,
      "down_threshold": 1.0,
      "samples": 48118,
      "samples_pct": 0.9980916822236051,
      "up_pct": 0.17093395402967704,
      "sideways_pct": 0.6777713121908642,
      "down_pct": 0.15129473377945882,
      "overall_accuracy": 0.5872053872053872,
      "down_accuracy": 0.0901481004507405,
      "sideways_accuracy": 0.8339801477722218,
      "up_accuracy": 0.08962597035991532,
      "directional_accuracy": 0.5956678700361011,
      "directional_signals_pct": 0.17271480234443198,
      "balanced_score": 0.5922828769038155
    },
    {
      "config_idx": 10,
      "name": "12h_\u00b11.5%",
      "horizon": "12h",
      "up_threshold": 1.5,
      "down_threshold": 1.5,
      "samples": 48096,
      "samples_pct": 0.9976353453640323,
      "up_pct": 0.1486194278110446,
      "sideways_pct": 0.7258399866932801,
      "down_pct": 0.12554058549567532,
      "overall_accuracy": 0.6302145708582835,
      "down_accuracy": 0.06573509151741783,
      "sideways_accuracy": 0.8500883055719084,
      "up_accuracy": 0.0615811826200588,
      "directional_accuracy": 0.5478289258896507,
      "directional_signals_pct": 0.1528443113772455,
      "balanced_score": 0.5807831838771038
    },
    {
      "config_idx": 2,
      "name": "4h_\u00b10.75%",
      "horizon": "4h",
      "up_threshold": 0.75,
      "down_threshold": 0.75,
      "samples": 48142,
      "samples_pct": 0.9985895042522298,
      "up_pct": 0.1472518798554277,
      "sideways_pct": 0.7202442773461842,
      "down_pct": 0.1325038427983881,
      "overall_accuracy": 0.6766296896422784,
      "down_accuracy": 0.0300670168447745,
      "sideways_accuracy": 0.9363454027235301,
      "up_accuracy": 0.0594331983805668,
      "directional_accuracy": 0.49726402188782487,
      "directional_signals_pct": 0.072890439985043,
      "balanced_score": 0.5690102889896063
    },
    {
      "config_idx": 4,
      "name": "4h_\u00b11.25%",
      "horizon": "4h",
      "up_threshold": 1.25,
      "down_threshold": 1.25,
      "samples": 48142,
      "samples_pct": 0.9985895042522298,
      "up_pct": 0.07211997839724149,
      "sideways_pct": 0.8627186240704582,
      "down_pct": 0.06516139753230028,
      "overall_accuracy": 0.8450205658731148,
      "down_accuracy": 0.0022002200220022,
      "sideways_accuracy": 0.9822180898974344,
      "up_accuracy": 0.029283069673510603,
      "directional_accuracy": 0.37876960193003617,
      "directional_signals_pct": 0.020665586438987908,
      "balanced_score": 0.5652699875072676
    },
    {
      "config_idx": 3,
      "name": "4h_\u00b11.0%",
      "horizon": "4h",
      "up_threshold": 1.0,
      "down_threshold": 1.0,
      "samples": 48142,
      "samples_pct": 0.9985895042522298,
      "up_pct": 0.10192763075900461,
      "sideways_pct": 0.8072992397490757,
      "down_pct": 0.09077312949191974,
      "overall_accuracy": 0.7820017449831734,
      "down_accuracy": 0.01345646437994723,
      "sideways_accuracy": 0.9709738702544458,
      "up_accuracy": 0.033681214421252374,
      "directional_accuracy": 0.4048991354466859,
      "directional_signals_pct": 0.03460052349495201,
      "balanced_score": 0.5557401792612808
    },
    {
      "config_idx": 5,
      "name": "4h_\u00b11.5%",
      "horizon": "4h",
      "up_threshold": 1.5,
      "down_threshold": 1.5,
      "samples": 48142,
      "samples_pct": 0.9985895042522298,
      "up_pct": 0.051763532881891075,
      "sideways_pct": 0.9010635204187611,
      "down_pct": 0.04717294669934776,
      "overall_accuracy": 0.8895425651252649,
      "down_accuracy": 0.002012072434607646,
      "sideways_accuracy": 0.9894231303092554,
      "up_accuracy": 0.01852731591448931,
      "directional_accuracy": 0.3016194331983806,
      "directional_signals_pct": 0.012314595537828743,
      "balanced_score": 0.5367886859691343
    },
    {
      "config_idx": 9,
      "name": "12h_\u00b11.0%",
      "horizon": "12h",
      "up_threshold": 1.0,
      "down_threshold": 1.0,
      "samples": 48096,
      "samples_pct": 0.9976353453640323,
      "up_pct": 0.22147371922821024,
      "sideways_pct": 0.5825848303393214,
      "down_pct": 0.19594145043246838,
      "overall_accuracy": 0.4386726546906188,
      "down_accuracy": 0.1872394188250158,
      "sideways_accuracy": 0.6452158819700586,
      "up_accuracy": 0.13497807017543859,
      "directional_accuracy": 0.6017642455716014,
      "directional_signals_pct": 0.3507235528942116,
      "balanced_score": 0.5365276092192083
    },
    {
      "config_idx": 6,
      "name": "8h_\u00b10.75%",
      "horizon": "8h",
      "up_threshold": 0.75,
      "down_threshold": 0.75,
      "samples": 48118,
      "samples_pct": 0.9980916822236051,
      "up_pct": 0.22278565193898334,
      "sideways_pct": 0.5770189949706971,
      "down_pct": 0.20019535309031963,
      "overall_accuracy": 0.48015962090036163,
      "down_accuracy": 0.15274550568668216,
      "sideways_accuracy": 0.739710298533828,
      "up_accuracy": 0.1351089066206599,
      "directional_accuracy": 0.5641399416909622,
      "directional_signals_pct": 0.27374984412021447,
      "balanced_score": 0.5305478133747219
    },
    {
      "config_idx": 1,
      "name": "4h_\u00b10.5%",
      "horizon": "4h",
      "up_threshold": 0.5,
      "down_threshold": 0.5,
      "samples": 48142,
      "samples_pct": 0.9985895042522298,
      "up_pct": 0.22433633833243322,
      "sideways_pct": 0.5735947821029455,
      "down_pct": 0.20206887956462133,
      "overall_accuracy": 0.5084880967219245,
      "down_accuracy": 0.08363201911589008,
      "sideways_accuracy": 0.8204485429070236,
      "up_accuracy": 0.14565171167339996,
      "directional_accuracy": 0.4488850980869989,
      "directional_signals_pct": 0.20458681291287548,
      "balanced_score": 0.4727262975409692
    }
  ]
}