{
  "timestamp": "2025-10-19T00:29:21.069101",
  "horizon": "24h",
  "best_config": {
    "name": "\u00b13.0%",
    "up_threshold": 3.0,
    "down_threshold": 3.0,
    "samples": 48113,
    "up_pct": 0.10396358572527176,
    "sideways_pct": 0.818302745619687,
    "down_pct": 0.07773366865504126,
    "overall_accuracy": 0.7132451983038164,
    "down_accuracy": 0.05482526450785508,
    "sideways_accuracy": 0.8601355703462872,
    "up_accuracy": 0.08699633699633699,
    "directional_accuracy": 0.6666089366124004,
    "directional_signals_pct": 0.1440259416313295,
    "balanced_score": 0.6852634412889668,
    "predictions_csv": "/Users/mazenlawand/Documents/Caculin ML/btc_minimal_start/results/daily_predictions/predictions_24h_pm3.0%.csv",
    "daily_csv": "/Users/mazenlawand/Documents/Caculin ML/btc_minimal_start/results/daily_predictions/daily_summary_24h_pm3.0%.csv"
  },
  "all_results": [
    {
      "name": "\u00b13.0%",
      "up_threshold": 3.0,
      "down_threshold": 3.0,
      "samples": 48113,
      "up_pct": 0.10396358572527176,
      "sideways_pct": 0.818302745619687,
      "down_pct": 0.07773366865504126,
      "overall_accuracy": 0.7132451983038164,
      "down_accuracy": 0.05482526450785508,
      "sideways_accuracy": 0.8601355703462872,
      "up_accuracy": 0.08699633699633699,
      "directional_accuracy": 0.6666089366124004,
      "directional_signals_pct": 0.1440259416313295,
      "balanced_score": 0.6852634412889668,
      "predictions_csv": "/Users/mazenlawand/Documents/Caculin ML/btc_minimal_start/results/daily_predictions/predictions_24h_pm3.0%.csv",
      "daily_csv": "/Users/mazenlawand/Documents/Caculin ML/btc_minimal_start/results/daily_predictions/daily_summary_24h_pm3.0%.csv"
    },
    {
      "name": "\u00b12.5%",
      "up_threshold": 2.5,
      "down_threshold": 2.5,
      "samples": 48113,
      "up_pct": 0.13717706233242574,
      "sideways_pct": 0.7576954253528152,
      "down_pct": 0.105127512314759,
      "overall_accuracy": 0.6416812172611623,
      "down_accuracy": 0.07502986857825568,
      "sideways_accuracy": 0.8250439629715651,
      "up_accuracy": 0.09451959764134582,
      "directional_accuracy": 0.6194581280788177,
      "directional_signals_pct": 0.1822898478423547,
      "balanced_score": 0.6283473637517556,
      "predictions_csv": "/Users/mazenlawand/Documents/Caculin ML/btc_minimal_start/results/daily_predictions/predictions_24h_pm2.5%.csv",
      "daily_csv": "/Users/mazenlawand/Documents/Caculin ML/btc_minimal_start/results/daily_predictions/daily_summary_24h_pm2.5%.csv"
    },
    {
      "name": "\u00b12.0%",
      "up_threshold": 2.0,
      "down_threshold": 2.0,
      "samples": 48113,
      "up_pct": 0.18024234614345394,
      "sideways_pct": 0.6732276100014549,
      "down_pct": 0.14653004385509114,
      "overall_accuracy": 0.5159141930656024,
      "down_accuracy": 0.1431297709923664,
      "sideways_accuracy": 0.6995604231858144,
      "up_accuracy": 0.1442127773322641,
      "directional_accuracy": 0.6256266951590368,
      "directional_signals_pct": 0.3034921426789723,
      "balanced_score": 0.581741694321663,
      "predictions_csv": "/Users/mazenlawand/Documents/Caculin ML/btc_minimal_start/results/daily_predictions/predictions_24h_pm2.0%.csv",
      "daily_csv": "/Users/mazenlawand/Documents/Caculin ML/btc_minimal_start/results/daily_predictions/daily_summary_24h_pm2.0%.csv"
    },
    {
      "name": "\u00b11.5%",
      "up_threshold": 1.5,
      "down_threshold": 1.5,
      "samples": 48113,
      "up_pct": 0.23415708852077402,
      "sideways_pct": 0.5687651985949743,
      "down_pct": 0.19707771288425166,
      "overall_accuracy": 0.39301571464205537,
      "down_accuracy": 0.1961968392650649,
      "sideways_accuracy": 0.5631020982712357,
      "up_accuracy": 0.14915395863797787,
      "directional_accuracy": 0.567869972322007,
      "directional_signals_pct": 0.4235719630830631,
      "balanced_score": 0.49792826925002637,
      "predictions_csv": "/Users/mazenlawand/Documents/Caculin ML/btc_minimal_start/results/daily_predictions/predictions_24h_pm1.5%.csv",
      "daily_csv": "/Users/mazenlawand/Documents/Caculin ML/btc_minimal_start/results/daily_predictions/daily_summary_24h_pm1.5%.csv"
    },
    {
      "name": "\u00b11.0%",
      "up_threshold": 1.0,
      "down_threshold": 1.0,
      "samples": 48113,
      "up_pct": 0.30704799118741294,
      "sideways_pct": 0.4269116455012159,
      "down_pct": 0.26604036331137115,
      "overall_accuracy": 0.3053130456472936,
      "down_accuracy": 0.3131909312347761,
      "sideways_accuracy": 0.3568555542410978,
      "up_accuracy": 0.22893685051958435,
      "directional_accuracy": 0.5145516207902832,
      "directional_signals_pct": 0.6325268146669992,
      "balanced_score": 0.43085619073308734,
      "predictions_csv": "/Users/mazenlawand/Documents/Caculin ML/btc_minimal_start/results/daily_predictions/predictions_24h_pm1.0%.csv",
      "daily_csv": "/Users/mazenlawand/Documents/Caculin ML/btc_minimal_start/results/daily_predictions/daily_summary_24h_pm1.0%.csv"
    }
  ]
}