{
  "timestamp": "2025-10-19T02:20:37.417200",
  "data_samples": 1282238,
  "features": [
    "crypto_last_price",
    "job:crypto_last_price:deriv5m",
    "job:crypto_last_price:deriv10m",
    "job:crypto_last_price:deriv15m",
    "job:crypto_last_price:deriv30m",
    "job:crypto_last_price:avg5m",
    "job:crypto_last_price:avg10m",
    "job:crypto_last_price:avg15m",
    "crypto_volume",
    "job:crypto_volume:deriv5m",
    "job:crypto_volume:avg5m"
  ],
  "best_config": {
    "name": "15min_\u00b10.08%",
    "horizon": "15min",
    "threshold": 0.08,
    "samples": 1282223,
    "overall_accuracy": 0.3854545794864836,
    "directional_accuracy": 0.5489937698254411,
    "directional_signals_pct": 0.7883389564021095,
    "high_conf_accuracy": 0.7690058479532164,
    "high_conf_pct": 0.0012802815121921544,
    "balanced_score": 0.5375746817755375,
    "down_acc": 0.5330337106823624,
    "sideways_acc": 0.31082484247059217,
    "up_acc": 0.3378171728918476
  },
  "all_results": [
    {
      "name": "15min_\u00b10.08%",
      "horizon": "15min",
      "threshold": 0.08,
      "samples": 1282223,
      "overall_accuracy": 0.3854545794864836,
      "directional_accuracy": 0.5489937698254411,
      "directional_signals_pct": 0.7883389564021095,
      "high_conf_accuracy": 0.7690058479532164,
      "high_conf_pct": 0.0012802815121921544,
      "balanced_score": 0.5375746817755375,
      "down_acc": 0.5330337106823624,
      "sideways_acc": 0.31082484247059217,
      "up_acc": 0.3378171728918476
    },
    {
      "name": "30min_\u00b10.05%",
      "horizon": "30min",
      "threshold": 0.05,
      "samples": 1282208,
      "overall_accuracy": 0.4081113331243186,
      "directional_accuracy": 0.5249778442154717,
      "directional_signals_pct": 0.8765050233737792,
      "high_conf_accuracy": 0.5231958762886598,
      "high_conf_pct": 0.00036312417817417793,
      "balanced_score": 0.48763148334421713,
      "down_acc": 0.5377325517296383,
      "sideways_acc": 0.20645208628870518,
      "up_acc": 0.37605648602468866
    },
    {
      "name": "15min_\u00b10.03%",
      "horizon": "15min",
      "threshold": 0.03,
      "samples": 1282223,
      "overall_accuracy": 0.41661464743124804,
      "directional_accuracy": 0.5298836858993946,
      "directional_signals_pct": 0.8729245728885415,
      "high_conf_accuracy": 0.49498327759197325,
      "high_conf_pct": 0.0002798276112174373,
      "balanced_score": 0.4853977684229293,
      "down_acc": 0.5581643039630056,
      "sideways_acc": 0.2167505203201791,
      "up_acc": 0.353082786622266
    },
    {
      "name": "15min_\u00b10.05%",
      "horizon": "15min",
      "threshold": 0.05,
      "samples": 1282223,
      "overall_accuracy": 0.3946158921493849,
      "directional_accuracy": 0.5493976388381286,
      "directional_signals_pct": 0.837357454036677,
      "high_conf_accuracy": 0.47547169811320755,
      "high_conf_pct": 0.00024800774907231065,
      "balanced_score": 0.4827384465731965,
      "down_acc": 0.5738439032873504,
      "sideways_acc": 0.2559645999913869,
      "up_acc": 0.31577482656691497
    },
    {
      "name": "1h_\u00b10.20%",
      "horizon": "1h",
      "threshold": 0.2,
      "samples": 1282178,
      "overall_accuracy": 0.3585326819407008,
      "directional_accuracy": 0.5531346767111892,
      "directional_signals_pct": 0.8100104821802935,
      "high_conf_accuracy": 0.35304928989139517,
      "high_conf_pct": 0.005601415094339622,
      "balanced_score": 0.4542721497302592,
      "down_acc": 0.5329986031937786,
      "sideways_acc": 0.2611792723229572,
      "up_acc": 0.3740202435998647
    },
    {
      "name": "1h_\u00b10.08%",
      "horizon": "1h",
      "threshold": 0.08,
      "samples": 1282178,
      "overall_accuracy": 0.40046608265947886,
      "directional_accuracy": 0.5367699513719056,
      "directional_signals_pct": 0.8579982779275233,
      "high_conf_accuracy": 0.34296271414175344,
      "high_conf_pct": 0.00557240191674154,
      "balanced_score": 0.4540482831152195,
      "down_acc": 0.545580666705954,
      "sideways_acc": 0.22023273577619132,
      "up_acc": 0.3609647653561531
    },
    {
      "name": "1h_\u00b10.10%",
      "horizon": "1h",
      "threshold": 0.1,
      "samples": 1282178,
      "overall_accuracy": 0.3903573300389338,
      "directional_accuracy": 0.5365810155024764,
      "directional_signals_pct": 0.8605364630128781,
      "high_conf_accuracy": 0.32577607254970353,
      "high_conf_pct": 0.005366501946690626,
      "balanced_score": 0.4492290813597121,
      "down_acc": 0.5330967556945676,
      "sideways_acc": 0.2157169410883467,
      "up_acc": 0.3806031907153733
    },
    {
      "name": "1h_\u00b10.15%",
      "horizon": "1h",
      "threshold": 0.15,
      "samples": 1282178,
      "overall_accuracy": 0.3642417265648398,
      "directional_accuracy": 0.5584567415810888,
      "directional_signals_pct": 0.8485689952081461,
      "high_conf_accuracy": 0.28946124763705106,
      "high_conf_pct": 0.003960766696615753,
      "balanced_score": 0.4458226848589707,
      "down_acc": 0.5728608806817289,
      "sideways_acc": 0.21959811063966056,
      "up_acc": 0.3441330531798408
    },
    {
      "name": "30min_\u00b10.10%",
      "horizon": "30min",
      "threshold": 0.1,
      "samples": 1282208,
      "overall_accuracy": 0.37989433835124775,
      "directional_accuracy": 0.5310256042833781,
      "directional_signals_pct": 0.8229311046742879,
      "high_conf_accuracy": 0.3188766441521507,
      "high_conf_pct": 0.00263265029176279,
      "balanced_score": 0.44139960070527695,
      "down_acc": 0.5006594967532467,
      "sideways_acc": 0.2642662585281071,
      "up_acc": 0.3916921281592131
    },
    {
      "name": "30min_\u00b10.08%",
      "horizon": "30min",
      "threshold": 0.08,
      "samples": 1282208,
      "overall_accuracy": 0.3902274673492403,
      "directional_accuracy": 0.5216114250082431,
      "directional_signals_pct": 0.834491181604204,
      "high_conf_accuracy": 0.31336062523260144,
      "high_conf_pct": 0.0025147285225618973,
      "balanced_score": 0.43885620107881307,
      "down_acc": 0.4958706283403305,
      "sideways_acc": 0.2560525858391139,
      "up_acc": 0.39906949725114416
    }
  ]
}