{
  "timestamp": "2025-10-19T00:14:41.722858",
  "best_config": {
    "config_idx": 2,
    "horizon": "4h",
    "up_threshold": 2.0,
    "down_threshold": 2.0,
    "samples": 48142,
    "up_pct": 0.028395164305595945,
    "sideways_pct": 0.9448091063935856,
    "down_pct": 0.026795729300818413,
    "overall_accuracy": 0.9347625576467655,
    "precision_macro": 0.3328947961615933,
    "recall_macro": 0.33294795646136605,
    "f1_macro": 0.3266849414978173,
    "down_accuracy": 0.004393673110720563,
    "sideways_accuracy": 0.9909597948772171,
    "up_accuracy": 0.0034904013961605585,
    "directional_accuracy": 0.7131367292225201,
    "directional_signals_pct": 0.009298267480992148
  },
  "all_results": [
    {
      "config_idx": 2,
      "horizon": "4h",
      "up_threshold": 2.0,
      "down_threshold": 2.0,
      "samples": 48142,
      "up_pct": 0.028395164305595945,
      "sideways_pct": 0.9448091063935856,
      "down_pct": 0.026795729300818413,
      "overall_accuracy": 0.9347625576467655,
      "precision_macro": 0.3328947961615933,
      "recall_macro": 0.33294795646136605,
      "f1_macro": 0.3266849414978173,
      "down_accuracy": 0.004393673110720563,
      "sideways_accuracy": 0.9909597948772171,
      "up_accuracy": 0.0034904013961605585,
      "directional_accuracy": 0.7131367292225201,
      "directional_signals_pct": 0.009298267480992148
    },
    {
      "config_idx": 5,
      "horizon": "8h",
      "up_threshold": 2.5,
      "down_threshold": 2.5,
      "samples": 48118,
      "up_pct": 0.041377447109189905,
      "sideways_pct": 0.9235213433642296,
      "down_pct": 0.03510120952658049,
      "overall_accuracy": 0.9038034667664298,
      "precision_macro": 0.3225181907313354,
      "recall_macro": 0.3302153945320423,
      "f1_macro": 0.3224156331204005,
      "down_accuracy": 0.004087193460490463,
      "sideways_accuracy": 0.9799523835290298,
      "up_accuracy": 0.006606606606606606,
      "directional_accuracy": 0.5700123915737298,
      "directional_signals_pct": 0.020127197904975684
    },
    {
      "config_idx": 7,
      "horizon": "12h",
      "up_threshold": 3.0,
      "down_threshold": 3.0,
      "samples": 48096,
      "up_pct": 0.04640718562874251,
      "sideways_pct": 0.9169785429141717,
      "down_pct": 0.03661427145708583,
      "overall_accuracy": 0.8956337325349302,
      "precision_macro": 0.3194964831264076,
      "recall_macro": 0.33012242574066925,
      "f1_macro": 0.3209960143214174,
      "down_accuracy": 0.0038240917782026767,
      "sideways_accuracy": 0.9796575922234662,
      "up_accuracy": 0.006885593220338983,
      "directional_accuracy": 0.3607142857142857,
      "directional_signals_pct": 0.020958083832335328
    },
    {
      "config_idx": 1,
      "horizon": "4h",
      "up_threshold": 1.5,
      "down_threshold": 1.5,
      "samples": 48142,
      "up_pct": 0.051763532881891075,
      "sideways_pct": 0.9010635204187611,
      "down_pct": 0.04717294669934776,
      "overall_accuracy": 0.8895425651252649,
      "precision_macro": 0.34574440091481645,
      "recall_macro": 0.3366541728861175,
      "f1_macro": 0.32585088736659223,
      "down_accuracy": 0.002012072434607646,
      "sideways_accuracy": 0.9894231303092554,
      "up_accuracy": 0.01852731591448931,
      "directional_accuracy": 0.3016194331983806,
      "directional_signals_pct": 0.012314595537828743
    },
    {
      "config_idx": 4,
      "horizon": "8h",
      "up_threshold": 2.0,
      "down_threshold": 2.0,
      "samples": 48118,
      "up_pct": 0.06430026185627,
      "sideways_pct": 0.8809385261232803,
      "down_pct": 0.05476121202044973,
      "overall_accuracy": 0.8429479985035541,
      "precision_macro": 0.325397895392866,
      "recall_macro": 0.3295975091996319,
      "f1_macro": 0.3207016519194754,
      "down_accuracy": 0.015824175824175824,
      "sideways_accuracy": 0.9580942098982896,
      "up_accuracy": 0.014874141876430207,
      "directional_accuracy": 0.6242707117852976,
      "directional_signals_pct": 0.04274847237810201
    },
    {
      "config_idx": 3,
      "horizon": "4h",
      "up_threshold": 1.0,
      "down_threshold": 1.0,
      "samples": 48142,
      "up_pct": 0.10192763075900461,
      "sideways_pct": 0.8072992397490757,
      "down_pct": 0.09077312949191974,
      "overall_accuracy": 0.7820017449831734,
      "precision_macro": 0.35557897633251995,
      "recall_macro": 0.3393705163518818,
      "f1_macro": 0.31993971653132197,
      "down_accuracy": 0.01345646437994723,
      "sideways_accuracy": 0.9709738702544458,
      "up_accuracy": 0.033681214421252374,
      "directional_accuracy": 0.4048991354466859,
      "directional_signals_pct": 0.03460052349495201
    },
    {
      "config_idx": 6,
      "horizon": "12h",
      "up_threshold": 2.0,
      "down_threshold": 2.0,
      "samples": 48096,
      "up_pct": 0.10104790419161677,
      "sideways_pct": 0.8186959414504325,
      "down_pct": 0.08025615435795076,
      "overall_accuracy": 0.7527195608782435,
      "precision_macro": 0.32656678943904976,
      "recall_macro": 0.32836197125614813,
      "f1_macro": 0.31951344016886424,
      "down_accuracy": 0.02784577723378213,
      "sideways_accuracy": 0.9172876989603459,
      "up_accuracy": 0.03995243757431629,
      "directional_accuracy": 0.5443719875248086,
      "directional_signals_pct": 0.08799900199600798
    }
  ]
}