{
  "accuracy": 0.5188828943192637,
  "precision_up": 0.5187590187590188,
  "recall_up": 0.4585459183673469,
  "f1_up": 0.4867975626269465,
  "mcc": 0.03746563030836592,
  "roc_auc": 0.5179677327342813,
  "true_negatives": 916,
  "false_positives": 667,
  "false_negatives": 849,
  "true_positives": 719,
  "hit_rate": 0.5187590187590188,
  "avg_return_per_trade": NaN,
  "num_trades": 1386,
  "cumulative_return": NaN,
  "sharpe_ratio": 0.0,
  "max_drawdown": NaN
}