{
  "accuracy": 0.5480799746112345,
  "precision_up": 0.44820295983086683,
  "recall_up": 0.4980422866092404,
  "f1_up": 0.47181008902077154,
  "mcc": 0.07915799187974114,
  "roc_auc": 0.581006711802024,
  "true_negatives": 1091,
  "false_positives": 783,
  "false_negatives": 641,
  "true_positives": 636,
  "hit_rate": 0.44820295983086683,
  "avg_return_per_trade": NaN,
  "num_trades": 1419,
  "cumulative_return": NaN,
  "sharpe_ratio": 0.0,
  "max_drawdown": NaN
}