{
  "0": 0.4082448324383449,
  "1": 0.5438001908556644,
  "2": 0.6205992438329976,
  "3": 2.4273557328729924
}