{
  "best_iteration": 49,
  "val_acc": 0.7331399564902102,
  "val_macro_f1": 0.7094992567822673,
  "val_logloss": 0.6799378956574534,
  "test_acc": 0.6944696282864914,
  "test_macro_f1": 0.6378907600697951,
  "test_logloss": 0.7314449745089983
}